filename,subject_id,camera_view,posture_label,posture_quality,torso_length,torso_lean_signed,torso_lean_abs,neck_length,neck_length_norm,neck_angle_signed,neck_angle_abs,head_forward,head_forward_norm,head_vertical,head_vertical_norm,spine_deviation_angle
subject01_left_bad_forwardHead_var1.jpg,subject01,left,forwardHead,bad,0.35953,19.852,19.852,0.1707,0.47478,56.1135,56.1135,0.14171,0.39414,0.09517,0.26471,36.2615
subject01_left_bad_forwardHead_var2.jpg,subject01,left,forwardHead,bad,0.35189,24.383,24.383,0.16079,0.45693,37.9839,37.9839,0.09896,0.28122,0.12673,0.36015,13.6008
subject01_left_bad_slidingDown_var1.jpg,subject01,left,slidingDown,bad,0.33646,-31.6711,31.6711,0.14542,0.43222,5.9687,5.9687,0.01512,0.04494,0.14464,0.42987,37.6398
subject01_left_bad_slidingDown_var2.jpg,subject01,left,slidingDown,bad,0.30386,-31.0096,31.0096,0.13217,0.43498,19.8044,19.8044,0.04478,0.14737,0.12435,0.40925,50.814
subject01_left_bad_slouch_var1.jpg,subject01,left,slouch,bad,0.371,17.0836,17.0836,0.16206,0.43683,46.906,46.906,0.11834,0.31899,0.11072,0.29844,29.8224
subject01_left_bad_slouch_var2.jpg,subject01,left,slouch,bad,0.36467,18.2844,18.2844,0.16891,0.46319,40.4303,40.4303,0.10955,0.30039,0.12858,0.35258,22.146
subject02_left_bad_forwardHead_var1.jpg,subject02,left,forwardHead,bad,0.29014,17.8751,17.8751,0.1664,0.5735,63.4172,63.4172,0.14881,0.51288,0.07446,0.25664,45.5421
subject02_left_bad_forwardHead_var2.jpg,subject02,left,forwardHead,bad,0.28462,23.2431,23.2431,0.15567,0.54693,46.4975,46.4975,0.11291,0.39671,0.10716,0.3765,23.2544
subject02_left_bad_slidingDown_var1.jpg,subject02,left,slidingDown,bad,0.24963,-32.1555,32.1555,0.11758,0.47101,9.0135,9.0135,0.01842,0.07379,0.11613,0.46519,41.169
subject02_left_bad_slidingDown_var2.jpg,subject02,left,slidingDown,bad,0.25483,23.3229,23.3229,0.11444,0.44907,43.0528,43.0528,0.07812,0.30657,0.08362,0.32815,19.7298
subject02_left_bad_slouch_var1.jpg,subject02,left,slouch,bad,0.27878,16.9914,16.9914,0.1337,0.47959,42.4189,42.4189,0.09019,0.3235,0.0987,0.35405,25.4275
subject02_left_bad_slouch_var2.jpg,subject02,left,slouch,bad,0.29221,18.0109,18.0109,0.14132,0.48363,54.8486,54.8486,0.11555,0.39543,0.08136,0.27845,36.8377
subject03_left_bad_forwardHead_var1.jpg,subject03,left,forwardHead,bad,0.28712,-1.6601,1.6601,0.17104,0.59571,47.7108,47.7108,0.12653,0.44068,0.11509,0.40084,49.3709
subject03_left_bad_forwardHead_var2.jpg,subject03,left,forwardHead,bad,0.28621,7.741,7.741,0.16414,0.5735,48.0903,48.0903,0.12215,0.4268,0.10964,0.38307,40.3493
subject03_left_bad_slidingDown_var1.jpg,subject03,left,slidingDown,bad,0.25005,-27.6504,27.6504,0.12484,0.49928,17.5673,17.5673,0.03768,0.1507,0.11902,0.47599,45.2177
subject03_left_bad_slidingDown_var2.jpg,subject03,left,slidingDown,bad,0.25774,27.7569,27.7569,0.11256,0.43672,42.3031,42.3031,0.07576,0.29394,0.08325,0.323,14.5462
subject03_left_bad_slouch_var1.jpg,subject03,left,slouch,bad,0.31536,15.7036,15.7036,0.17955,0.56936,46.6706,46.6706,0.13061,0.41417,0.12321,0.39069,30.9671
subject03_left_bad_slouch_var2.jpg,subject03,left,slouch,bad,0.31537,7.988,7.988,0.16225,0.51447,39.4264,39.4264,0.10304,0.32674,0.12533,0.3974,31.4384
subject04_left_bad_forwardHead_var1.jpg,subject04,left,forwardHead,bad,0.40461,16.3844,16.3844,0.17741,0.43848,55.1701,55.1701,0.14563,0.35993,0.10133,0.25043,38.7857
subject04_left_bad_forwardHead_var2.jpg,subject04,left,forwardHead,bad,0.36834,17.9782,17.9782,0.16021,0.43496,48.8697,48.8697,0.12068,0.32762,0.10538,0.28611,30.8915
subject04_left_bad_slidingDown_var1.jpg,subject04,left,slidingDown,bad,0.3413,-29.8078,29.8078,0.15934,0.46686,5.5914,5.5914,0.01553,0.04549,0.15858,0.46464,35.3992
subject04_left_bad_slidingDown_var2.jpg,subject04,left,slidingDown,bad,0.27321,-21.9311,21.9311,0.12861,0.47075,-1.7399,1.7399,-0.00391,-0.01429,0.12855,0.47053,20.1911
subject04_left_bad_slouch_var1.jpg,subject04,left,slouch,bad,0.36748,14.9967,14.9967,0.15169,0.41278,42.1996,42.1996,0.10189,0.27727,0.11237,0.30579,27.2029
subject04_left_bad_slouch_var2.jpg,subject04,left,slouch,bad,0.35524,14.6107,14.6107,0.14599,0.41096,45.0994,45.0994,0.10341,0.2911,0.10305,0.29009,30.4887
subject05_left_bad_forwardHead_var1.jpg,subject05,left,forwardHead,bad,0.29929,18.398,18.398,0.18854,0.62997,60.8895,60.8895,0.16473,0.5504,0.09173,0.30648,42.4915
subject05_left_bad_forwardHead_var2.jpg,subject05,left,forwardHead,bad,0.29366,26.5505,26.5505,0.17334,0.59026,46.8112,46.8112,0.12638,0.43036,0.11863,0.40397,20.2608
subject05_left_bad_slidingDown_var1.jpg,subject05,left,slidingDown,bad,0.26078,-23.3046,23.3046,0.12592,0.48288,30.0407,30.0407,0.06304,0.24174,0.10901,0.41801,53.3452
subject05_left_bad_slidingDown_var2.jpg,subject05,left,slidingDown,bad,0.26472,15.8044,15.8044,0.09683,0.36579,33.8099,33.8099,0.05388,0.20354,0.08046,0.30393,18.0054
subject05_left_bad_slouch_var1.jpg,subject05,left,slouch,bad,0.29626,13.6541,13.6541,0.15127,0.5106,43.9586,43.9586,0.105,0.35443,0.10889,0.36755,30.3045
subject05_left_bad_slouch_var2.jpg,subject05,left,slouch,bad,0.26823,16.7944,16.7944,0.16483,0.61453,50.7112,50.7112,0.12758,0.47562,0.10438,0.38914,33.9168
subject06_left_bad_forwardHead_var1.jpg,subject06,left,forwardHead,bad,0.30515,28.5567,28.5567,0.13277,0.43509,83.7838,83.7838,0.13198,0.43253,0.01438,0.04711,55.227
subject06_left_bad_forwardHead_var2.jpg,subject06,left,forwardHead,bad,0.31686,24.8207,24.8207,0.14776,0.46632,54.2998,54.2998,0.11999,0.37869,0.08622,0.27212,29.4791
subject06_left_bad_slidingDown_var1.jpg,subject06,left,slidingDown,bad,0.30954,8.7465,8.7465,0.14769,0.47713,30.9642,30.9642,0.07599,0.24549,0.12665,0.40914,22.2178
subject06_left_bad_slidingDown_var2.jpg,subject06,left,slidingDown,bad,0.28768,17.1306,17.1306,0.13988,0.48622,35.3981,35.3981,0.08102,0.28165,0.11402,0.39634,18.2675
subject06_left_bad_slouch_var1.jpg,subject06,left,slouch,bad,0.31112,29.489,29.489,0.1396,0.4487,59.278,59.278,0.12001,0.38573,0.07132,0.22923,29.789
subject06_left_bad_slouch_var2.jpg,subject06,left,slouch,bad,0.29268,30.2206,30.2206,0.14119,0.48241,52.8052,52.8052,0.11247,0.38428,0.08535,0.29163,22.5846
subject07_left_bad_forwardHead_var1.jpg,subject07,left,forwardHead,bad,0.30306,10.7951,10.7951,0.19883,0.65609,59.0733,59.0733,0.17056,0.56281,0.10219,0.33719,48.2782
subject07_left_bad_forwardHead_var2.jpg,subject07,left,forwardHead,bad,0.27863,18.8962,18.8962,0.15667,0.56228,46.9349,46.9349,0.11446,0.41079,0.10698,0.38394,28.0387
subject07_left_bad_slidingDown_var1.jpg,subject07,left,slidingDown,bad,0.25377,-37.5147,37.5147,0.11031,0.4347,2.9576,2.9576,0.00569,0.02243,0.11017,0.43412,40.4723
subject07_left_bad_slidingDown_var2.jpg,subject07,left,slidingDown,bad,0.24939,30.2556,30.2556,0.09957,0.39924,35.6379,35.6379,0.05801,0.23262,0.08092,0.32447,5.3823
subject07_left_bad_slouch_var1.jpg,subject07,left,slouch,bad,0.29941,19.3432,19.3432,0.16725,0.55859,52.1508,52.1508,0.13206,0.44108,0.10262,0.34274,32.8077
subject07_left_bad_slouch_var2.jpg,subject07,left,slouch,bad,0.2812,1.359,1.359,0.18301,0.65083,49.0121,49.0121,0.13815,0.49127,0.12004,0.42688,47.6532
subject08_left_bad_forwardHead_var1.jpg,subject08,left,forwardHead,bad,0.30094,-23.5337,23.5337,0.14835,0.49295,-33.1021,33.1021,-0.08102,-0.26921,0.12427,0.41294,9.5684
subject08_left_bad_forwardHead_var2.jpg,subject08,left,forwardHead,bad,0.31692,-29.1192,29.1192,0.14212,0.44845,-30.8124,30.8124,-0.0728,-0.22971,0.12206,0.38515,1.6933
subject08_left_bad_slidingDown_var1.jpg,subject08,left,slidingDown,bad,0.31367,25.2229,25.2229,0.14634,0.46653,6.413,6.413,0.01634,0.05211,0.14542,0.46361,18.8098
subject08_left_bad_slidingDown_var2.jpg,subject08,left,slidingDown,bad,0.30595,25.1076,25.1076,0.13812,0.45145,7.5471,7.5471,0.01814,0.05929,0.13693,0.44754,17.5606
subject08_left_bad_slouch_var1.jpg,subject08,left,slouch,bad,0.3058,-11.942,11.942,0.14023,0.45856,-34.2661,34.2661,-0.07895,-0.25818,0.11589,0.37897,22.3241
subject08_left_bad_slouch_var2.jpg,subject08,left,slouch,bad,0.2442,19.915,19.915,0.11784,0.48257,2.7778,2.7778,0.00571,0.02339,0.11771,0.482,17.1372
subject09_left_bad_forwardHead_var1.jpg,subject09,left,forwardHead,bad,0.31281,20.9376,20.9376,0.17166,0.54876,47.8123,47.8123,0.12719,0.4066,0.11528,0.36853,26.8747
subject09_left_bad_forwardHead_var2.jpg,subject09,left,forwardHead,bad,0.34803,18.5012,18.5012,0.15555,0.44695,45.8968,45.8968,0.1117,0.32095,0.10826,0.31106,27.3956
subject09_left_bad_slidingDown_var1.jpg,subject09,left,slidingDown,bad,0.32962,-23.852,23.852,0.14466,0.43888,28.7861,28.7861,0.06966,0.21134,0.12678,0.38464,52.6381
subject09_left_bad_slidingDown_var2.jpg,subject09,left,slidingDown,bad,0.28809,-25.5981,25.5981,0.09966,0.34592,30.9656,30.9656,0.05127,0.17798,0.08545,0.29662,56.5637
subject09_left_bad_slouch_var1.jpg,subject09,left,slouch,bad,0.34947,-4.368,4.368,0.1584,0.45327,39.245,39.245,0.10021,0.28676,0.12267,0.35103,43.613
subject09_left_bad_slouch_var2.jpg,subject09,left,slouch,bad,0.35137,-6.8593,6.8593,0.14527,0.41344,49.7871,49.7871,0.11094,0.31572,0.09379,0.26693,56.6464
subject10_left_bad_forwardHead_var1.jpg,subject10,left,forwardHead,bad,0.2703,22.8481,22.8481,0.16499,0.61039,63.2517,63.2517,0.14733,0.54508,0.07426,0.27472,40.4036
subject10_left_bad_forwardHead_var2.jpg,subject10,left,forwardHead,bad,0.26883,17.9541,17.9541,0.14438,0.53705,51.7871,51.7871,0.11344,0.42197,0.08931,0.33221,33.8331
subject10_left_bad_slidingDown_var1.jpg,subject10,left,slidingDown,bad,0.25729,-19.5288,19.5288,0.10986,0.42699,33.0467,33.0467,0.05991,0.23285,0.09209,0.35792,52.5755
subject10_left_bad_slidingDown_var2.jpg,subject10,left,slidingDown,bad,0.2525,13.9477,13.9477,0.09341,0.36995,36.5727,36.5727,0.05566,0.22043,0.07502,0.29711,22.625
subject10_left_bad_slouch_var1.jpg,subject10,left,slouch,bad,0.29024,10.0366,10.0366,0.14606,0.50322,44.0543,44.0543,0.10156,0.34991,0.10497,0.36165,34.0177
subject10_left_bad_slouch_var2.jpg,subject10,left,slouch,bad,0.29433,12.7525,12.7525,0.1539,0.52289,51.2193,51.2193,0.11997,0.40762,0.0964,0.32751,38.4667
subject01_left_good_armrests_var1.jpg,subject01,left,armrests,good,0.3095,-14.3351,14.3351,0.15653,0.50573,27.7482,27.7482,0.07288,0.23546,0.13853,0.44757,42.0833
subject01_left_good_focus_var1.jpg,subject01,left,focus,good,0.30188,-8.9869,8.9869,0.15894,0.52651,32.8267,32.8267,0.08616,0.28542,0.13356,0.44243,41.8136
subject01_left_good_recline_var1.jpg,subject01,left,recline,good,0.31569,-8.2814,8.2814,0.15821,0.50115,32.4537,32.4537,0.0849,0.26893,0.1335,0.42288,40.7351
subject01_left_good_upright_var1.jpg,subject01,left,upright,good,0.33561,-3.8773,3.8773,0.16125,0.48048,28.7025,28.7025,0.07744,0.23076,0.14144,0.42144,32.5798
subject02_left_good_armrests_var1.jpg,subject02,left,armrests,good,0.30648,4.3294,4.3294,0.1435,0.46823,-19.2813,19.2813,-0.04739,-0.15461,0.13545,0.44197,23.6107
subject02_left_good_focus_var1.jpg,subject02,left,focus,good,0.30121,4.6516,4.6516,0.13708,0.45511,27.9865,27.9865,0.06433,0.21357,0.12105,0.40189,23.3349
subject02_left_good_recline_var1.jpg,subject02,left,recline,good,0.29658,-11.4728,11.4728,0.14251,0.48052,29.3116,29.3116,0.06977,0.23524,0.12427,0.419,40.7844
subject02_left_good_upright_var1.jpg,subject02,left,upright,good,0.30687,0.3544,0.3544,0.15598,0.5083,27.4993,27.4993,0.07202,0.2347,0.13836,0.45087,27.1449
subject03_left_good_armrests_var1.jpg,subject03,left,armrests,good,0.30385,-13.2268,13.2268,0.15807,0.52021,28.5892,28.5892,0.07564,0.24893,0.1388,0.45678,41.816
subject03_left_good_focus_var1.jpg,subject03,left,focus,good,0.30095,-10.7729,10.7729,0.16602,0.55166,30.6355,30.6355,0.0846,0.28111,0.14285,0.47467,41.4084
subject03_left_good_recline_var1.jpg,subject03,left,recline,good,0.30578,-16.8587,16.8587,0.16559,0.54153,30.8829,30.8829,0.08499,0.27796,0.14211,0.46475,47.7415
subject03_left_good_upright_var1.jpg,subject03,left,upright,good,0.32363,-6.0288,6.0288,0.16778,0.51843,27.5502,27.5502,0.0776,0.23978,0.14875,0.45964,33.5789
subject04_left_good_armrests_var1.jpg,subject04,left,armrests,good,0.31871,-2.2764,2.2764,0.13903,0.43623,29.1061,29.1061,0.06763,0.21219,0.12147,0.38114,31.3825
subject04_left_good_focus_var1.jpg,subject04,left,focus,good,0.30405,-9.4685,9.4685,0.13891,0.45688,29.4576,29.4576,0.06832,0.22468,0.12096,0.39781,38.9261
subject04_left_good_recline_var1.jpg,subject04,left,recline,good,0.32961,2.5019,2.5019,0.14437,0.43799,28.5672,28.5672,0.06903,0.20944,0.12679,0.38467,26.0653
subject04_left_good_upright_var1.jpg,subject04,left,upright,good,0.32256,-1.8155,1.8155,0.14852,0.46042,25.6506,25.6506,0.06429,0.19931,0.13388,0.41505,27.4661
subject05_left_good_armrests_var1.jpg,subject05,left,armrests,good,0.29459,11.6903,11.6903,0.1172,0.39784,-16.0254,16.0254,-0.03235,-0.10983,0.11264,0.38238,27.7158
subject05_left_good_focus_var1.jpg,subject05,left,focus,good,0.27208,12.6621,12.6621,0.12665,0.46547,-25.2181,25.2181,-0.05396,-0.19832,0.11458,0.42111,37.8802
subject05_left_good_recline_var1.jpg,subject05,left,recline,good,0.28167,-10.2017,10.2017,0.13921,0.49424,27.9771,27.9771,0.06531,0.23186,0.12294,0.43648,38.1788
subject05_left_good_upright_var1.jpg,subject05,left,upright,good,0.30903,-8.9125,8.9125,0.17162,0.55535,36.4848,36.4848,0.10205,0.33021,0.13798,0.44651,45.3973
subject06_left_good_armrests_var1.jpg,subject06,left,armrests,good,0.2754,1.6673,1.6673,0.13858,0.5032,-36.6805,36.6805,-0.08278,-0.30059,0.11114,0.40355,38.3479
subject06_left_good_focus_var1.jpg,subject06,left,focus,good,0.27845,-7.5396,7.5396,0.1553,0.55772,-51.2084,51.2084,-0.12104,-0.4347,0.09729,0.3494,43.6688
subject06_left_good_recline_var1.jpg,subject06,left,recline,good,0.2657,-0.6987,0.6987,0.14752,0.55522,29.704,29.704,0.0731,0.27512,0.12814,0.48226,30.4027
subject06_left_good_upright_var1.jpg,subject06,left,upright,good,0.28974,-0.3385,0.3385,0.13543,0.4674,24.0088,24.0088,0.0551,0.19017,0.12371,0.42696,24.3473
subject07_left_good_armrests_var1.jpg,subject07,left,armrests,good,0.25786,0.9397,0.9397,0.13172,0.51083,-27.7858,27.7858,-0.0614,-0.23813,0.11653,0.45193,28.7255
subject07_left_good_focus_var1.jpg,subject07,left,focus,good,0.2756,0.4378,0.4378,0.19108,0.69333,42.3684,42.3684,0.12877,0.46723,0.14117,0.51225,41.9306
subject07_left_good_recline_var1.jpg,subject07,left,recline,good,0.2728,7.8977,7.8977,0.12867,0.47168,-22.1351,22.1351,-0.04848,-0.17772,0.11919,0.43691,30.0327
subject07_left_good_upright_var1.jpg,subject07,left,upright,good,0.29676,4.1406,4.1406,0.14893,0.50185,26.5819,26.5819,0.06664,0.22457,0.13319,0.4488,22.4413
subject08_left_good_armrests_var1.jpg,subject08,left,armrests,good,0.28951,-15.5878,15.5878,0.16093,0.55585,31.1738,31.1738,0.0833,0.28773,0.13769,0.47559,46.7616
subject08_left_good_focus_var1.jpg,subject08,left,focus,good,0.2757,-10.1773,10.1773,0.15644,0.56744,31.7283,31.7283,0.08227,0.29841,0.13306,0.48264,41.9056
subject08_left_good_recline_var1.jpg,subject08,left,recline,good,0.30892,-22.1548,22.1548,0.16023,0.51867,34.9193,34.9193,0.09172,0.2969,0.13138,0.42529,57.074
subject08_left_good_upright_var1.jpg,subject08,left,upright,good,0.27467,9.7532,9.7532,0.12736,0.4637,-10.8062,10.8062,-0.02388,-0.08694,0.1251,0.45548,20.5593
subject09_left_good_armrests_var1.jpg,subject09,left,armrests,good,0.28075,12.6845,12.6845,0.12334,0.43934,-2.6064,2.6064,-0.00561,-0.01998,0.12322,0.43888,15.291
subject09_left_good_focus_var1.jpg,subject09,left,focus,good,0.27216,7.7249,7.7249,0.12288,0.4515,-3.2694,3.2694,-0.00701,-0.02575,0.12268,0.45077,10.9943
subject09_left_good_recline_var1.jpg,subject09,left,recline,good,0.2896,16.6185,16.6185,0.13013,0.44936,-5.7408,5.7408,-0.01302,-0.04495,0.12948,0.44711,22.3593
subject09_left_good_upright_var1.jpg,subject09,left,upright,good,0.30217,-7.0117,7.0117,0.15985,0.52899,30.1138,30.1138,0.0802,0.2654,0.13827,0.45759,37.1255
subject10_left_good_armrests_var1.jpg,subject10,left,armrests,good,0.26213,-14.1686,14.1686,0.12968,0.49471,34.6879,34.6879,0.0738,0.28154,0.10663,0.40678,48.8565
subject10_left_good_focus_var1.jpg,subject10,left,focus,good,0.21594,8.6298,8.6298,0.14549,0.67375,42.1022,42.1022,0.09754,0.45172,0.10795,0.49989,33.4723
subject10_left_good_recline_var1.jpg,subject10,left,recline,good,0.26328,-11.7753,11.7753,0.11789,0.44778,36.7595,36.7595,0.07055,0.26798,0.09445,0.35874,48.5348
subject10_left_good_upright_var1.jpg,subject10,left,upright,good,0.2803,-15.4482,15.4482,0.13015,0.46432,35.9808,35.9808,0.07646,0.27279,0.10532,0.37573,51.429
subject01_right_bad_forwardHead_var1.jpg,subject01,right,forwardHead,bad,0.34894,21.3708,21.3708,0.15418,0.44186,58.2776,58.2776,0.13115,0.37585,0.08107,0.23233,36.9068
subject01_right_bad_forwardHead_var2.jpg,subject01,right,forwardHead,bad,0.34355,25.3848,25.3848,0.15105,0.43968,44.7613,44.7613,0.10637,0.3096,0.10726,0.3122,19.3765
subject01_right_bad_slidingDown_var1.jpg,subject01,right,slidingDown,bad,0.3225,-23.0134,23.0134,0.14864,0.46089,13.911,13.911,0.03573,0.1108,0.14428,0.44737,36.9244
subject01_right_bad_slidingDown_var2.jpg,subject01,right,slidingDown,bad,0.24765,26.1603,26.1603,0.11287,0.45576,-6.1337,6.1337,-0.01206,-0.0487,0.11222,0.45316,32.294
subject01_right_bad_slouch_var1.jpg,subject01,right,slouch,bad,0.36433,14.5028,14.5028,0.17212,0.47244,55.3076,55.3076,0.14152,0.38845,0.09797,0.2689,40.8048
subject01_right_bad_slouch_var2.jpg,subject01,right,slouch,bad,0.35535,15.0806,15.0806,0.16553,0.46583,41.9769,41.9769,0.11071,0.31156,0.12306,0.34631,26.8963
subject02_right_bad_forwardHead_var1.jpg,subject02,right,forwardHead,bad,0.27941,18.2588,18.2588,0.16187,0.57931,64.0466,64.0466,0.14554,0.52089,0.07084,0.25353,45.7878
subject02_right_bad_forwardHead_var2.jpg,subject02,right,forwardHead,bad,0.29614,21.4527,21.4527,0.15566,0.52563,46.0052,46.0052,0.11198,0.37814,0.10812,0.3651,24.5526
subject02_right_bad_slidingDown_var1.jpg,subject02,right,slidingDown,bad,0.25452,-37.1158,37.1158,0.12966,0.50944,10.4775,10.4775,0.02358,0.09264,0.1275,0.50094,47.5933
subject02_right_bad_slidingDown_var2.jpg,subject02,right,slidingDown,bad,0.2478,22.1701,22.1701,0.11227,0.45307,38.3928,38.3928,0.06973,0.28138,0.08799,0.3551,16.2227
subject02_right_bad_slouch_var1.jpg,subject02,right,slouch,bad,0.289,19.7131,19.7131,0.13405,0.46384,44.5324,44.5324,0.09401,0.3253,0.09556,0.33065,24.8194
subject02_right_bad_slouch_var2.jpg,subject02,right,slouch,bad,0.2827,19.464,19.464,0.13843,0.48965,55.3735,55.3735,0.11391,0.40292,0.07866,0.27823,35.9094
subject03_right_bad_forwardHead_var1.jpg,subject03,right,forwardHead,bad,0.27613,-1.4574,1.4574,0.17504,0.63391,48.6237,48.6237,0.13135,0.47568,0.1157,0.41902,50.0811
subject03_right_bad_forwardHead_var2.jpg,subject03,right,forwardHead,bad,0.2831,6.9536,6.9536,0.16651,0.58817,49.9444,49.9444,0.12745,0.45019,0.10716,0.3785,42.9908
subject03_right_bad_slidingDown_var1.jpg,subject03,right,slidingDown,bad,0.25445,-27.2087,27.2087,0.13241,0.5204,16.7788,16.7788,0.03823,0.15023,0.12678,0.49824,43.9874
subject03_right_bad_slidingDown_var2.jpg,subject03,right,slidingDown,bad,0.24722,23.1855,23.1855,0.12057,0.48772,46.7909,46.7909,0.08788,0.35548,0.08255,0.33392,23.6054
subject03_right_bad_slouch_var1.jpg,subject03,right,slouch,bad,0.29846,11.9815,11.9815,0.17501,0.58638,45.31,45.31,0.12442,0.41687,0.12308,0.41239,33.3285
subject03_right_bad_slouch_var2.jpg,subject03,right,slouch,bad,0.3076,7.492,7.492,0.16264,0.52875,38.1431,38.1431,0.10045,0.32657,0.12791,0.41585,30.6512
subject04_right_bad_forwardHead_var1.jpg,subject04,right,forwardHead,bad,0.37817,16.0672,16.0672,0.1708,0.45165,57.0412,57.0412,0.14331,0.37896,0.09292,0.24571,40.974
subject04_right_bad_forwardHead_var2.jpg,subject04,right,forwardHead,bad,0.36828,17.1724,17.1724,0.1563,0.42441,51.0348,51.0348,0.12153,0.32999,0.09829,0.26689,33.8624
subject04_right_bad_slidingDown_var1.jpg,subject04,right,slidingDown,bad,0.33758,-31.7434,31.7434,0.16089,0.47661,5.9918,5.9918,0.0168,0.04975,0.16002,0.474,37.7351
subject04_right_bad_slidingDown_var2.jpg,subject04,right,slidingDown,bad,0.28829,-32.3861,32.3861,0.13637,0.47303,1.2934,1.2934,0.00308,0.01068,0.13633,0.47291,33.6794
subject04_right_bad_slouch_var1.jpg,subject04,right,slouch,bad,0.35521,14.6448,14.6448,0.15395,0.43341,45.5274,45.5274,0.10986,0.30928,0.10785,0.30363,30.8826
subject04_right_bad_slouch_var2.jpg,subject04,right,slouch,bad,0.33221,13.9513,13.9513,0.14869,0.44757,51.2431,51.2431,0.11595,0.34902,0.09308,0.28018,37.2918
subject05_right_bad_forwardHead_var1.jpg,subject05,right,forwardHead,bad,0.31508,18.9976,18.9976,0.18507,0.58738,63.8363,63.8363,0.16611,0.52719,0.0816,0.259,44.8387
subject05_right_bad_forwardHead_var2.jpg,subject05,right,forwardHead,bad,0.29731,23.7805,23.7805,0.16623,0.55913,48.6343,48.6343,0.12476,0.41963,0.10986,0.36951,24.8538
subject05_right_bad_slidingDown_var1.jpg,subject05,right,slidingDown,bad,0.27718,-33.388,33.388,0.12146,0.43819,24.9885,24.9885,0.05131,0.18511,0.11009,0.39718,58.3766
subject05_right_bad_slidingDown_var2.jpg,subject05,right,slidingDown,bad,0.26172,12.1565,12.1565,0.10078,0.38505,39.4066,39.4066,0.06397,0.24444,0.07786,0.29752,27.2501
subject05_right_bad_slouch_var1.jpg,subject05,right,slouch,bad,0.29252,15.7909,15.7909,0.14227,0.48636,41.8044,41.8044,0.09484,0.32421,0.10605,0.36255,26.0135
subject05_right_bad_slouch_var2.jpg,subject05,right,slouch,bad,0.27676,16.0099,16.0099,0.15146,0.54725,52.8381,52.8381,0.1207,0.43612,0.09149,0.33058,36.8282
subject06_right_bad_forwardHead_var1.jpg,subject06,right,forwardHead,bad,0.33522,24.1781,24.1781,0.13356,0.39844,80.5698,80.5698,0.13176,0.39306,0.02188,0.06528,56.3917
subject06_right_bad_forwardHead_var2.jpg,subject06,right,forwardHead,bad,0.3144,23.5698,23.5698,0.14591,0.4641,56.4523,56.4523,0.12161,0.3868,0.08064,0.25648,32.8825
subject06_right_bad_slidingDown_var1.jpg,subject06,right,slidingDown,bad,0.3051,15.6788,15.6788,0.1541,0.50508,31.4722,31.4722,0.08045,0.26369,0.13143,0.43078,15.7933
subject06_right_bad_slidingDown_var2.jpg,subject06,right,slidingDown,bad,0.2966,21.5858,21.5858,0.14346,0.48368,31.8156,31.8156,0.07563,0.25499,0.12191,0.41101,10.2299
subject06_right_bad_slouch_var1.jpg,subject06,right,slouch,bad,0.3437,17.7208,17.7208,0.14119,0.41078,55.5982,55.5982,0.11649,0.33894,0.07977,0.23209,37.8774
subject06_right_bad_slouch_var2.jpg,subject06,right,slouch,bad,0.33712,19.508,19.508,0.1391,0.41261,52.7282,52.7282,0.11069,0.32834,0.08424,0.24987,33.2201
subject07_right_bad_forwardHead_var1.jpg,subject07,right,forwardHead,bad,0.30841,11.322,11.322,0.1987,0.64427,61.2191,61.2191,0.17415,0.56468,0.09566,0.31019,49.8972
subject07_right_bad_forwardHead_var2.jpg,subject07,right,forwardHead,bad,0.28768,18.7168,18.7168,0.15927,0.55362,49.1393,49.1393,0.12045,0.41871,0.1042,0.36219,30.4225
subject07_right_bad_slidingDown_var1.jpg,subject07,right,slidingDown,bad,0.2515,-35.4201,35.4201,0.11852,0.47126,1.8189,1.8189,0.00376,0.01496,0.11846,0.47102,37.239
subject07_right_bad_slidingDown_var2.jpg,subject07,right,slidingDown,bad,0.23423,34.1889,34.1889,0.09116,0.38921,22.4898,22.4898,0.03487,0.14888,0.08423,0.35961,11.6991
subject07_right_bad_slouch_var1.jpg,subject07,right,slouch,bad,0.2959,18.5378,18.5378,0.16918,0.57177,51.4896,51.4896,0.13238,0.4474,0.10534,0.35601,32.9518
subject07_right_bad_slouch_var2.jpg,subject07,right,slouch,bad,0.28183,5.7915,5.7915,0.16698,0.5925,45.675,45.675,0.11946,0.42387,0.11668,0.414,39.8835
subject08_right_bad_forwardHead_var1.jpg,subject08,right,forwardHead,bad,0.30586,-20.6572,20.6572,0.13803,0.4513,-35.0026,35.0026,-0.07918,-0.25887,0.11307,0.36967,14.3454
subject08_right_bad_forwardHead_var2.jpg,subject08,right,forwardHead,bad,0.3062,-23.1317,23.1317,0.12813,0.41844,-32.224,32.224,-0.06832,-0.22312,0.10839,0.35398,9.0923
subject08_right_bad_slidingDown_var1.jpg,subject08,right,slidingDown,bad,0.30024,24.3796,24.3796,0.15844,0.5277,9.5972,9.5972,0.02642,0.08798,0.15622,0.52031,14.7824
subject08_right_bad_slidingDown_var2.jpg,subject08,right,slidingDown,bad,0.27992,21.0162,21.0162,0.14131,0.50481,4.0092,4.0092,0.00988,0.0353,0.14096,0.50358,17.007
subject08_right_bad_slouch_var1.jpg,subject08,right,slouch,bad,0.31017,-7.5245,7.5245,0.14121,0.45527,-38.124,38.124,-0.08718,-0.28107,0.11109,0.35815,30.5995
subject08_right_bad_slouch_var2.jpg,subject08,right,slouch,bad,0.24793,21.2752,21.2752,0.12063,0.48655,5.7754,5.7754,0.01214,0.04896,0.12002,0.48408,15.4998
subject09_right_bad_forwardHead_var1.jpg,subject09,right,forwardHead,bad,0.34579,17.7459,17.7459,0.16285,0.47095,55.6232,55.6232,0.13441,0.3887,0.09195,0.26592,37.8774
subject09_right_bad_forwardHead_var2.jpg,subject09,right,forwardHead,bad,0.3548,15.6753,15.6753,0.16264,0.45841,45.0316,45.0316,0.11507,0.32432,0.11494,0.32397,29.3563
subject09_right_bad_slidingDown_var1.jpg,subject09,right,slidingDown,bad,0.34276,-22.6904,22.6904,0.12853,0.37498,27.9454,27.9454,0.06023,0.17573,0.11354,0.33125,50.6358
subject09_right_bad_slidingDown_var2.jpg,subject09,right,slidingDown,bad,0.30287,-26.0713,26.0713,0.10336,0.34126,29.6406,29.6406,0.05112,0.16877,0.08983,0.29661,55.7119
subject09_right_bad_slouch_var1.jpg,subject09,right,slouch,bad,0.36697,2.1751,2.1751,0.16065,0.43778,45.1571,45.1571,0.11391,0.3104,0.11329,0.30871,42.982
subject09_right_bad_slouch_var2.jpg,subject09,right,slouch,bad,0.36497,2.9294,2.9294,0.14243,0.39027,46.5185,46.5185,0.10335,0.28318,0.09801,0.26855,43.5891
subject10_right_bad_forwardHead_var1.jpg,subject10,right,forwardHead,bad,0.30162,22.0053,22.0053,0.15223,0.5047,60.6553,60.6553,0.13269,0.43994,0.0746,0.24733,38.6501
subject10_right_bad_forwardHead_var2.jpg,subject10,right,forwardHead,bad,0.25902,13.7102,13.7102,0.1473,0.56869,51.4814,51.4814,0.11525,0.44494,0.09173,0.35416,37.7712
subject10_right_bad_slidingDown_var1.jpg,subject10,right,slidingDown,bad,0.26065,-16.169,16.169,0.10505,0.40305,38.9363,38.9363,0.06602,0.2533,0.08172,0.31351,55.1053
subject10_right_bad_slidingDown_var2.jpg,subject10,right,slidingDown,bad,0.26068,16.7776,16.7776,0.07917,0.30372,27.0625,27.0625,0.03602,0.13818,0.07051,0.27047,10.2849
subject10_right_bad_slouch_var1.jpg,subject10,right,slouch,bad,0.29629,9.6288,9.6288,0.14262,0.48135,41.9664,41.9664,0.09537,0.32188,0.10604,0.3579,32.3377
subject10_right_bad_slouch_var2.jpg,subject10,right,slouch,bad,0.28512,17.1428,17.1428,0.14157,0.49654,51.132,51.132,0.11023,0.3866,0.08884,0.31159,33.9892
subject01_right_good_armrests_var1.jpg,subject01,right,armrests,good,0.30091,-14.0818,14.0818,0.15708,0.52202,21.9056,21.9056,0.0586,0.19475,0.14574,0.48433,35.9874
subject01_right_good_focus_var1.jpg,subject01,right,focus,good,0.30012,-7.7312,7.7312,0.15698,0.52304,23.3922,23.3922,0.06232,0.20766,0.14407,0.48005,31.1234
subject01_right_good_recline_var1.jpg,subject01,right,recline,good,0.31491,-13.854,13.854,0.1502,0.47697,30.8011,30.8011,0.07691,0.24423,0.12902,0.40969,44.6552
subject01_right_good_upright_var1.jpg,subject01,right,upright,good,0.32073,-6.4241,6.4241,0.15786,0.49219,25.0991,25.0991,0.06696,0.20878,0.14295,0.44571,31.5232
subject02_right_good_armrests_var1.jpg,subject02,right,armrests,good,0.29881,9.6566,9.6566,0.14855,0.49713,-16.8686,16.8686,-0.04311,-0.14426,0.14216,0.47574,26.5252
subject02_right_good_focus_var1.jpg,subject02,right,focus,good,0.29892,7.2457,7.2457,0.12955,0.43339,23.8405,23.8405,0.05236,0.17517,0.1185,0.39642,16.5948
subject02_right_good_recline_var1.jpg,subject02,right,recline,good,0.29607,-14.8742,14.8742,0.14111,0.4766,27.5268,27.5268,0.06521,0.22027,0.12513,0.42265,42.4009
subject02_right_good_upright_var1.jpg,subject02,right,upright,good,0.30742,-0.8329,0.8329,0.14734,0.47926,26.0814,26.0814,0.06478,0.21071,0.13233,0.43046,26.9143
subject03_right_good_armrests_var1.jpg,subject03,right,armrests,good,0.3098,-18.5244,18.5244,0.15888,0.51284,29.1543,29.1543,0.0774,0.24984,0.13875,0.44787,47.6787
subject03_right_good_focus_var1.jpg,subject03,right,focus,good,0.30843,-10.2602,10.2602,0.16399,0.5317,28.4657,28.4657,0.07816,0.25343,0.14417,0.46742,38.7259
subject03_right_good_recline_var1.jpg,subject03,right,recline,good,0.29791,-18.4599,18.4599,0.16832,0.565,27.5392,27.5392,0.07782,0.26123,0.14925,0.50099,45.9992
subject03_right_good_upright_var1.jpg,subject03,right,upright,good,0.31059,-4.9093,4.9093,0.16836,0.54205,29.7601,29.7601,0.08357,0.26906,0.14615,0.47056,34.6693
subject04_right_good_armrests_var1.jpg,subject04,right,armrests,good,0.32044,-6.3682,6.3682,0.14392,0.44914,31.5979,31.5979,0.07541,0.23533,0.12258,0.38255,37.9661
subject04_right_good_focus_var1.jpg,subject04,right,focus,good,0.30746,-9.3618,9.3618,0.14204,0.46197,29.4805,29.4805,0.0699,0.22735,0.12365,0.40215,38.8423
subject04_right_good_recline_var1.jpg,subject04,right,recline,good,0.33038,-1.5452,1.5452,0.14621,0.44256,29.4052,29.4052,0.07179,0.21729,0.12738,0.38555,30.9505
subject04_right_good_upright_var1.jpg,subject04,right,upright,good,0.32659,-4.1073,4.1073,0.15323,0.46918,25.3921,25.3921,0.06571,0.20119,0.13843,0.42385,29.4994
subject05_right_good_armrests_var1.jpg,subject05,right,armrests,good,0.31393,-8.0571,8.0571,0.14394,0.45852,25.9174,25.9174,0.06291,0.20041,0.12947,0.41241,33.9745
subject05_right_good_focus_var1.jpg,subject05,right,focus,good,0.26957,13.9453,13.9453,0.12291,0.45595,-14.2796,14.2796,-0.03032,-0.11246,0.11911,0.44186,28.2249
subject05_right_good_recline_var1.jpg,subject05,right,recline,good,0.28416,-15.2164,15.2164,0.145,0.51026,28.7373,28.7373,0.06971,0.24533,0.12714,0.44741,43.9537
subject05_right_good_upright_var1.jpg,subject05,right,upright,good,0.30257,-2.7156,2.7156,0.15046,0.49727,29.3857,29.3857,0.07383,0.244,0.1311,0.43329,32.1013
subject06_right_good_armrests_var1.jpg,subject06,right,armrests,good,0.28029,2.7388,2.7388,0.13596,0.48509,-31.0693,31.0693,-0.07017,-0.25034,0.11646,0.4155,33.8081
subject06_right_good_focus_var1.jpg,subject06,right,focus,good,0.25989,-7.766,7.766,0.12384,0.4765,-35.5367,35.5367,-0.07198,-0.27695,0.10077,0.38775,27.7706
subject06_right_good_recline_var1.jpg,subject06,right,recline,good,0.26741,1.4743,1.4743,0.13976,0.52265,30.2676,30.2676,0.07045,0.26343,0.12071,0.4514,28.7933
subject06_right_good_upright_var1.jpg,subject06,right,upright,good,0.30728,4.6392,4.6392,0.12359,0.40222,23.5829,23.5829,0.04945,0.16092,0.11327,0.36863,18.9437
subject07_right_good_armrests_var1.jpg,subject07,right,armrests,good,0.2814,-0.2181,0.2181,0.14679,0.52165,-38.0766,38.0766,-0.09053,-0.32171,0.11555,0.41064,37.8586
subject07_right_good_focus_var1.jpg,subject07,right,focus,good,0.26041,-5.3406,5.3406,0.14381,0.55226,-41.2571,41.2571,-0.09484,-0.36418,0.10811,0.41517,35.9164
subject07_right_good_recline_var1.jpg,subject07,right,recline,good,0.27864,9.9336,9.9336,0.14115,0.50659,-28.7038,28.7038,-0.06779,-0.2433,0.12381,0.44434,38.6374
subject07_right_good_upright_var1.jpg,subject07,right,upright,good,0.28288,1.4745,1.4745,0.14332,0.50664,21.1621,21.1621,0.05174,0.1829,0.13365,0.47247,19.6876
subject08_right_good_armrests_var1.jpg,subject08,right,armrests,good,0.30726,-14.2985,14.2985,0.14998,0.48814,32.0687,32.0687,0.07963,0.25917,0.1271,0.41365,46.3672
subject08_right_good_focus_var1.jpg,subject08,right,focus,good,0.29576,-5.8,5.8,0.1614,0.54571,23.1577,23.1577,0.06347,0.21461,0.14839,0.50174,28.9576
subject08_right_good_recline_var1.jpg,subject08,right,recline,good,0.29344,-20.0249,20.0249,0.15209,0.51829,31.8536,31.8536,0.08026,0.27353,0.12918,0.44024,51.8785
subject08_right_good_upright_var1.jpg,subject08,right,upright,good,0.29599,6.5989,6.5989,0.13795,0.46606,-13.8687,13.8687,-0.03307,-0.11171,0.13393,0.45248,20.4676
subject09_right_good_armrests_var1.jpg,subject09,right,armrests,good,0.27509,11.3886,11.3886,0.13068,0.47504,-6.582,6.582,-0.01498,-0.05445,0.12982,0.47191,17.9706
subject09_right_good_focus_var1.jpg,subject09,right,focus,good,0.29158,-14.5526,14.5526,0.16204,0.55574,32.0753,32.0753,0.08605,0.29512,0.13731,0.47091,46.6279
subject09_right_good_recline_var1.jpg,subject09,right,recline,good,0.26632,15.8672,15.8672,0.13225,0.4966,-8.638,8.638,-0.01986,-0.07458,0.13075,0.49097,24.5051
subject09_right_good_upright_var1.jpg,subject09,right,upright,good,0.30469,-9.4422,9.4422,0.16938,0.55592,32.7792,32.7792,0.0917,0.30098,0.14241,0.4674,42.2213
subject10_right_good_armrests_var1.jpg,subject10,right,armrests,good,0.25954,-8.0251,8.0251,0.13775,0.53075,31.9016,31.9016,0.07279,0.28048,0.11694,0.45059,39.9267
subject10_right_good_focus_var1.jpg,subject10,right,focus,good,0.21967,6.4918,6.4918,0.14145,0.64394,46.9423,46.9423,0.10336,0.47051,0.09657,0.43964,40.4504
subject10_right_good_recline_var1.jpg,subject10,right,recline,good,0.25737,-9.5326,9.5326,0.11518,0.44753,28.8163,28.8163,0.05552,0.21571,0.10092,0.39211,38.3489
subject10_right_good_upright_var1.jpg,subject10,right,upright,good,0.275,-3.3691,3.3691,0.12699,0.46177,30.0647,30.0647,0.06362,0.23134,0.1099,0.39964,33.4338
