filename,subject_id,camera_view,posture_label,posture_quality,shoulder_tilt_angle,shoulder_symmetry_ratio,head_lateral_offset,torso_lateral_lean_angle
subject01_front_bad_asymmetricalLean_var1.jpg,subject01,front,asymmetricalLean,bad,25.3757,1.4281,-0.0733,22.3615
subject01_front_bad_asymmetricalLean_var2.jpg,subject01,front,asymmetricalLean,bad,23.1837,1.8358,-0.0703,22.9768
subject01_front_bad_forwardHead_var1.jpg,subject01,front,forwardHead,bad,2.0538,0.9865,0.0015,2.4168
subject01_front_bad_forwardHead_var2.jpg,subject01,front,forwardHead,bad,8.822,1.289,-0.0254,7.486
subject01_front_bad_slidingDown_var1.jpg,subject01,front,slidingDown,bad,1.7808,0.9456,0.0078,4.1867
subject01_front_bad_slidingDown_var2.jpg,subject01,front,slidingDown,bad,0.3438,1.1073,-0.0083,4.0875
subject01_front_bad_slouch_var1.jpg,subject01,front,slouch,bad,2.107,0.9955,0.0004,2.6363
subject01_front_bad_slouch_var2.jpg,subject01,front,slouch,bad,1.6795,1.0372,-0.0017,0.7313
subject02_front_bad_asymmetricalLean_var1.jpg,subject02,front,asymmetricalLean,bad,8.7398,0.5834,0.0752,16.3607
subject02_front_bad_asymmetricalLean_var2.jpg,subject02,front,asymmetricalLean,bad,7.3923,1.4817,-0.0626,3.0315
subject02_front_bad_forwardHead_var1.jpg,subject02,front,forwardHead,bad,0.729,1.0774,-0.006,0.5962
subject02_front_bad_forwardHead_var2.jpg,subject02,front,forwardHead,bad,0.8917,1.0064,0.0004,2.6419
subject02_front_bad_slidingDown_var1.jpg,subject02,front,slidingDown,bad,1.0786,0.964,0.0017,3.9928
subject02_front_bad_slidingDown_var2.jpg,subject02,front,slidingDown,bad,3.6658,1.7641,-0.0299,6.2681
subject02_front_bad_slouch_var1.jpg,subject02,front,slouch,bad,0.2498,1.0356,-0.0027,0.4553
subject02_front_bad_slouch_var2.jpg,subject02,front,slouch,bad,1.7079,0.9761,0.0027,1.9033
subject03_front_bad_asymmetricalLean_var1.jpg,subject03,front,asymmetricalLean,bad,14.8774,0.6774,0.0848,19.7961
subject03_front_bad_asymmetricalLean_var2.jpg,subject03,front,asymmetricalLean,bad,0.985,1.1171,-0.0174,4.0007
subject03_front_bad_forwardHead_var1.jpg,subject03,front,forwardHead,bad,0.6153,1.14,-0.0118,0.2325
subject03_front_bad_forwardHead_var2.jpg,subject03,front,forwardHead,bad,0.2849,0.9861,0.0009,3.5075
subject03_front_bad_slidingDown_var1.jpg,subject03,front,slidingDown,bad,0.4046,1.0091,-0.0019,2.1521
subject03_front_bad_slidingDown_var2.jpg,subject03,front,slidingDown,bad,0.1016,1.2013,-0.01,3.6542
subject03_front_bad_slouch_var1.jpg,subject03,front,slouch,bad,0.2714,0.9766,0.0022,1.7388
subject03_front_bad_slouch_var2.jpg,subject03,front,slouch,bad,0.2027,0.9465,0.0049,0.5002
subject04_front_bad_asymmetricalLean_var1.jpg,subject04,front,asymmetricalLean,bad,13.4896,0.7676,0.0614,15.8481
subject04_front_bad_asymmetricalLean_var2.jpg,subject04,front,asymmetricalLean,bad,20.1273,1.1522,-0.0584,17.7391
subject04_front_bad_forwardHead_var1.jpg,subject04,front,forwardHead,bad,1.7216,1.1544,-0.0089,2.5382
subject04_front_bad_forwardHead_var2.jpg,subject04,front,forwardHead,bad,1.3638,0.9816,0.0002,0.4113
subject04_front_bad_slidingDown_var1.jpg,subject04,front,slidingDown,bad,0.3521,1.001,-0.0007,1.226
subject04_front_bad_slidingDown_var2.jpg,subject04,front,slidingDown,bad,0.0131,0.9937,0.0005,2.7579
subject04_front_bad_slouch_var1.jpg,subject04,front,slouch,bad,0.2036,0.99,0.0008,1.1179
subject04_front_bad_slouch_var2.jpg,subject04,front,slouch,bad,0.7765,1.0057,0.0002,0.3472
subject05_front_bad_asymmetricalLean_var1.jpg,subject05,front,asymmetricalLean,bad,4.9948,0.6955,0.0543,15.8481
subject05_front_bad_asymmetricalLean_var2.jpg,subject05,front,asymmetricalLean,bad,6.7811,1.4086,-0.0565,6.9091
subject05_front_bad_forwardHead_var1.jpg,subject05,front,forwardHead,bad,1.634,0.2133,0.143,3.8113
subject05_front_bad_forwardHead_var2.jpg,subject05,front,forwardHead,bad,5.628,0.7967,0.0262,11.088
subject05_front_bad_slidingDown_var1.jpg,subject05,front,slidingDown,bad,0.8697,0.971,0.0014,0.7789
subject05_front_bad_slidingDown_var2.jpg,subject05,front,slidingDown,bad,0.9075,1.4654,-0.0199,0.944
subject05_front_bad_slouch_var1.jpg,subject05,front,slouch,bad,0.5581,0.9982,0.0013,2.2255
subject05_front_bad_slouch_var2.jpg,subject05,front,slouch,bad,1.0127,1.0388,-0.0027,2.2174
subject06_front_bad_asymmetricalLean_var1.jpg,subject06,front,asymmetricalLean,bad,17.0736,1.6874,-0.0751,10.7354
subject06_front_bad_asymmetricalLean_var2.jpg,subject06,front,asymmetricalLean,bad,16.5538,0.7423,0.0581,14.8986
subject06_front_bad_forwardHead_var1.jpg,subject06,front,forwardHead,bad,0.9288,1.1256,-0.0079,5.6675
subject06_front_bad_forwardHead_var2.jpg,subject06,front,forwardHead,bad,8.4885,0.7885,0.0151,6.9251
subject06_front_bad_slidingDown_var1.jpg,subject06,front,slidingDown,bad,1.74,1.1961,-0.0095,1.4988
subject06_front_bad_slidingDown_var2.jpg,subject06,front,slidingDown,bad,1.474,1.3162,-0.0154,1.4778
subject06_front_bad_slouch_var1.jpg,subject06,front,slouch,bad,0.3591,1.1468,-0.0073,0.2717
subject06_front_bad_slouch_var2.jpg,subject06,front,slouch,bad,0.9713,1.0766,-0.004,0.5309
subject07_front_bad_asymmetricalLean_var1.jpg,subject07,front,asymmetricalLean,bad,5.0391,0.6765,0.0583,11.9755
subject07_front_bad_asymmetricalLean_var2.jpg,subject07,front,asymmetricalLean,bad,4.6991,2.1546,-0.0918,4.0697
subject07_front_bad_forwardHead_var1.jpg,subject07,front,forwardHead,bad,0.1645,1.142,-0.0107,1.1026
subject07_front_bad_forwardHead_var2.jpg,subject07,front,forwardHead,bad,1.0775,1.0051,0.001,1.9956
subject07_front_bad_slidingDown_var1.jpg,subject07,front,slidingDown,bad,0.0276,1.067,-0.0061,2.6072
subject07_front_bad_slidingDown_var2.jpg,subject07,front,slidingDown,bad,0.0283,1.5487,-0.0209,0.3701
subject07_front_bad_slouch_var1.jpg,subject07,front,slouch,bad,0.7192,1.0823,-0.0063,1.5881
subject07_front_bad_slouch_var2.jpg,subject07,front,slouch,bad,0.0484,1.1528,-0.0107,1.7663
subject08_front_bad_asymmetricalLean_var1.jpg,subject08,front,asymmetricalLean,bad,13.9901,0.8279,0.0531,12.8871
subject08_front_bad_asymmetricalLean_var2.jpg,subject08,front,asymmetricalLean,bad,17.6776,0.7973,0.0555,13.6037
subject08_front_bad_forwardHead_var1.jpg,subject08,front,forwardHead,bad,4.9549,0.4221,0.0633,5.1814
subject08_front_bad_forwardHead_var2.jpg,subject08,front,forwardHead,bad,4.6542,0.5418,0.0501,4.8905
subject08_front_bad_slidingDown_var1.jpg,subject08,front,slidingDown,bad,0.3525,1.0162,-0.0011,1.024
subject08_front_bad_slidingDown_var2.jpg,subject08,front,slidingDown,bad,2.257,1.0828,-0.0044,0.1195
subject08_front_bad_slouch_var1.jpg,subject08,front,slouch,bad,0.1625,0.9837,0.0013,0.432
subject08_front_bad_slouch_var2.jpg,subject08,front,slouch,bad,0.907,0.9552,0.0026,0.8893
subject09_front_bad_asymmetricalLean_var1.jpg,subject09,front,asymmetricalLean,bad,15.929,0.6951,0.0617,18.3285
subject09_front_bad_asymmetricalLean_var2.jpg,subject09,front,asymmetricalLean,bad,30.1918,1.6697,-0.0771,31.8467
subject09_front_bad_forwardHead_var1.jpg,subject09,front,forwardHead,bad,4.1754,3.1399,-0.068,5.4663
subject09_front_bad_forwardHead_var2.jpg,subject09,front,forwardHead,bad,1.652,2.4525,-0.0559,2.4916
subject09_front_bad_slidingDown_var1.jpg,subject09,front,slidingDown,bad,0.4314,1.0346,-0.0024,6.8355
subject09_front_bad_slidingDown_var2.jpg,subject09,front,slidingDown,bad,0.8208,0.9617,0.0042,4.8764
subject09_front_bad_slouch_var1.jpg,subject09,front,slouch,bad,0.2709,1.0476,-0.0028,1.3498
subject09_front_bad_slouch_var2.jpg,subject09,front,slouch,bad,0.9059,1.1256,-0.0075,1.782
subject10_front_bad_asymmetricalLean_var1.jpg,subject10,front,asymmetricalLean,bad,7.1652,0.5892,0.0715,13.1775
subject10_front_bad_asymmetricalLean_var2.jpg,subject10,front,asymmetricalLean,bad,2.0358,1.5133,-0.0507,2.2798
subject10_front_bad_forwardHead_var1.jpg,subject10,front,forwardHead,bad,0.6469,1.0425,-0.0042,1.1756
subject10_front_bad_forwardHead_var2.jpg,subject10,front,forwardHead,bad,0.3181,0.9574,0.0041,4.7488
subject10_front_bad_slidingDown_var1.jpg,subject10,front,slidingDown,bad,0.1768,0.9975,0.0005,0.7607
subject10_front_bad_slidingDown_var2.jpg,subject10,front,slidingDown,bad,7.365,1.6391,-0.0202,1.2826
subject10_front_bad_slouch_var1.jpg,subject10,front,slouch,bad,1.0117,1.0137,-0.0016,1.2934
subject10_front_bad_slouch_var2.jpg,subject10,front,slouch,bad,0.2303,1.0251,-0.0018,1.4267
subject01_front_good_armrests_var1.jpg,subject01,front,armrests,good,0.1535,1.0445,-0.0051,1.0592
subject01_front_good_focus_var1.jpg,subject01,front,focus,good,0.242,0.99,0.0008,0.8975
subject01_front_good_recline_var1.jpg,subject01,front,recline,good,0.472,1.0526,-0.0058,2.8476
subject01_front_good_upright_var1.jpg,subject01,front,upright,good,0.1566,0.9905,0.0016,2.649
subject02_front_good_armrests_var1.jpg,subject02,front,armrests,good,0.3188,0.9926,0.0018,2.3334
subject02_front_good_focus_var1.jpg,subject02,front,focus,good,0.1616,1.0056,-0.001,0.1918
subject02_front_good_recline_var1.jpg,subject02,front,recline,good,0.2777,1.0103,-0.0007,1.7593
subject02_front_good_upright_var1.jpg,subject02,front,upright,good,0.1082,0.9949,0.0005,0.7184
subject03_front_good_armrests_var1.jpg,subject03,front,armrests,good,0.326,1.0438,-0.0051,1.0976
subject03_front_good_focus_var1.jpg,subject03,front,focus,good,0.7058,0.9986,0.0017,1.5553
subject03_front_good_recline_var1.jpg,subject03,front,recline,good,0.2666,0.9856,0.0013,1.4644
subject03_front_good_upright_var1.jpg,subject03,front,upright,good,0.1082,1.021,-0.0026,1.0209
subject04_front_good_armrests_var1.jpg,subject04,front,armrests,good,0.084,1.0276,-0.0033,1.7033
subject04_front_good_focus_var1.jpg,subject04,front,focus,good,0.4897,0.9832,0.0011,0.9224
subject04_front_good_recline_var1.jpg,subject04,front,recline,good,0.8474,1.0529,-0.005,1.3957
subject04_front_good_upright_var1.jpg,subject04,front,upright,good,0.1873,0.9402,0.0082,2.2181
subject05_front_good_armrests_var1.jpg,subject05,front,armrests,good,0.1753,0.9648,0.0043,1.3062
subject05_front_good_focus_var1.jpg,subject05,front,focus,good,0.5917,0.942,0.0063,0.9463
subject05_front_good_recline_var1.jpg,subject05,front,recline,good,0.1692,0.9894,0.0018,0.9463
subject05_front_good_upright_var1.jpg,subject05,front,upright,good,0.7993,1.0146,-0.0002,3.1777
subject06_front_good_armrests_var1.jpg,subject06,front,armrests,good,0.2919,1.0596,-0.0065,1.4383
subject06_front_good_focus_var1.jpg,subject06,front,focus,good,0.0976,0.9403,0.0064,1.7059
subject06_front_good_recline_var1.jpg,subject06,front,recline,good,0.1251,1.0857,-0.0098,2.4572
subject06_front_good_upright_var1.jpg,subject06,front,upright,good,0.0094,1.0506,-0.006,3.8007
subject07_front_good_armrests_var1.jpg,subject07,front,armrests,good,0.2451,1.0109,-0.0008,2.3046
subject07_front_good_focus_var1.jpg,subject07,front,focus,good,0.4669,1.0387,-0.0036,2.604
subject07_front_good_recline_var1.jpg,subject07,front,recline,good,0.3317,0.9617,0.004,0.1769
subject07_front_good_upright_var1.jpg,subject07,front,upright,good,0.5351,1.0252,-0.0045,1.5169
subject08_front_good_armrests_var1.jpg,subject08,front,armrests,good,0.6145,1.0215,-0.0014,1.0175
subject08_front_good_focus_var1.jpg,subject08,front,focus,good,0.6791,0.9756,0.0017,1.0139
subject08_front_good_recline_var1.jpg,subject08,front,recline,good,0.342,1.0014,-0.0008,2.3957
subject08_front_good_upright_var1.jpg,subject08,front,upright,good,0.1318,0.9693,0.0046,1.5352
subject09_front_good_armrests_var1.jpg,subject09,front,armrests,good,0.1136,1.0089,-0.0009,1.2163
subject09_front_good_focus_var1.jpg,subject09,front,focus,good,0.0392,1.0568,-0.0068,0.661
subject09_front_good_recline_var1.jpg,subject09,front,recline,good,0.3641,0.9247,0.009,0.4337
subject09_front_good_upright_var1.jpg,subject09,front,upright,good,0.2938,0.9493,0.0075,2.1434
subject10_front_good_armrests_var1.jpg,subject10,front,armrests,good,0.5965,1.0554,-0.0047,1.5155
subject10_front_good_focus_var1.jpg,subject10,front,focus,good,1.7738,0.9135,0.0102,13.9453
subject10_front_good_recline_var1.jpg,subject10,front,recline,good,0.1466,1.0462,-0.0047,3.1888
subject10_front_good_upright_var1.jpg,subject10,front,upright,good,0.8889,1.0605,-0.005,0.545
